TripId,CustomerId,VehicleId,PaymentId,StartLatitudeTrip,StartLongitudeTrip,EndLatitudeTrip,EndLongitudeTrip,RequestTripTime,StartTripTime,EndTripTime,Amount,Status
ca19e996-ec93-4117-82f7-c89165cc1560,b1ee077e-714f-4c73-ad1b-a1812b67b0bf,75bf40f3-1859-4fe6-8c98-8966228a0132,,51.40295036515914,-0.2097509784409198,51.44246623926757,-0.2023948529822351,2023-08-10 23:22:40,2023-08-10 23:25:40,2023-08-10 23:55:40,11.0,Canceled
e21a8a25-d1f6-45e0-8323-4e7a07cd3fa2,53fb886d-c811-45fc-a464-65eb3f82d5d8,3449c61c-6a12-4457-956c-5541b91f5dd1,,51.43976990207983,-0.1279383974183804,51.55381880669435,-0.2079720206746201,2023-01-15 22:19:02,2023-01-15 22:21:02,2023-01-16 00:06:02,17.22,Canceled
270c8b8f-41bb-478f-9f25-fc43dcc9a9fb,34fb1de4-819e-4a62-9b59-69925502398d,3aab0bf1-ab34-4ba5-84cf-f3711e806310,6541e8de-d13a-4451-bcf7-4e18f3ee2c04,51.4450978248146,-0.2111743743738709,51.53258699618695,-0.1467862010552122,2021-04-28 01:11:51,2021-04-28 01:12:51,2021-04-28 03:07:51,13.31,Completed
36a68cf2-a456-4270-82bc-5f701b353bf9,edccbbe4-13fd-47a4-ac54-7617628f5667,0310617c-b3a4-4766-b80e-366d26682bfd,2952f819-268b-425f-976c-748d9a64b171,51.58553742968568,-0.1700657727234763,51.42568754605861,-0.0854997126185574,2022-12-04 18:55:00,2022-12-04 18:56:00,2022-12-04 20:36:00,23.28,Completed
4b8a03c5-3761-44f8-a9ec-ac6ce922aca4,6b9ca4bd-69a9-4b86-af0c-abb9dc63fe29,553ee71d-a797-4162-a1a1-e5d3fbe0aa99,e471cd1d-1cc0-43de-b248-b1de54f79273,51.56355293172589,-0.2177406009633272,51.563606868200985,-0.0884710674553258,2023-10-12 07:28:27,2023-10-12 07:31:27,,16.71,Started
c716add3-bb70-4cac-bf1b-6e002cac0bb3,b9a46f8c-a19f-44c1-b24c-043072c1d2af,1abf5153-5f98-4b83-a308-6b5e93e2e78a,07b1fb56-9e68-4c0f-80c7-e679c6e7856a,51.45933481050383,-0.1461936553190848,51.43677491888606,-0.1047700794504476,2023-02-27 19:07:11,2023-02-27 19:08:11,2023-02-27 19:33:11,9.49,Completed
1d3e65a4-f5b0-4afa-b4ac-92beec088ce0,0159bcd8-e37d-4c5e-b520-fe1744df3d83,fef5ea5f-8524-4bf8-8b65-438a0272fd1c,,51.42239916316554,-0.2303719186778088,51.54773961662045,-0.1881499712018836,2023-10-11 01:40:40,2023-10-11 01:41:40,2023-10-11 03:19:40,17.71,Canceled
80221f9b-2781-4ee0-a87e-096ddbb82926,8b03d3c4-6f28-469a-a6bc-fd4e2b98bed1,fb1f20f0-f1a6-4579-bd6a-73efdc5141f3,,51.52623437963753,-0.1998654781954022,51.56123336859875,-0.1301723702186479,2021-03-12 17:56:32,2021-03-12 17:57:32,2021-03-12 18:22:32,15.43,Canceled
65256a24-ad12-40d5-acfd-c80de3e5b4ee,ff827e02-10c9-4d6a-b02a-b3d80c9c1388,3449c61c-6a12-4457-956c-5541b91f5dd1,f8a43067-73ea-45fa-ad60-dc4c2bb8712e,51.532181310840464,-0.1494660199745607,51.4170995345487,-0.1689974587650065,2022-12-25 09:45:22,2022-12-25 09:47:22,2022-12-25 11:25:22,16.0,Completed
32d6da2e-7f8b-4a57-8a81-512bfb1f61e2,239fc9a5-aa02-479b-8b10-16855dfd1134,5d7f94bb-c431-4efb-bc52-9e5a1ba36570,,51.43938537467678,-0.2227391881031188,51.39964369914963,-0.2350985517473877,2023-04-13 08:01:49,2023-04-13 08:03:49,2023-04-13 08:26:49,11.2,Canceled
97610516-178b-4c74-b97b-6e439f1ad76c,7802f6cb-e168-4277-a555-ba67089b3b5b,05a1acd4-d4f5-471c-a04a-0657f4eae488,1ea45180-2686-4358-b6f9-6a838730c023,51.47782711680551,-0.1985537253825036,51.52547066087855,-0.1038594237789802,2023-04-01 00:27:33,2023-04-01 00:28:33,2023-04-01 01:18:33,15.74,Completed
2679d8b0-c772-4ebb-8694-cb8f8b265802,8b03d3c4-6f28-469a-a6bc-fd4e2b98bed1,3449c61c-6a12-4457-956c-5541b91f5dd1,4983acf2-fd7c-4873-96e2-b6d7264af83e,51.46022417155776,-0.1119028258210279,51.403993670349664,-0.1667827704468684,2021-04-24 22:08:25,2021-04-24 22:11:25,2021-04-24 22:53:25,13.66,Completed
c2fb46e6-cd61-4b72-8b2a-37b1315253d3,7802f6cb-e168-4277-a555-ba67089b3b5b,fb1f20f0-f1a6-4579-bd6a-73efdc5141f3,21e59143-9be6-44d3-815d-de203f520ae4,51.43005313372628,-0.2018329915255219,51.54525454757366,-0.1855828457688837,2023-03-30 06:35:45,2023-03-30 06:37:45,2023-03-30 08:19:45,15.99,Completed
a42789ac-db68-44b3-954b-e42790db3d5d,c84c0160-a9f0-4f46-b2ec-41eafe4e2c2b,fef5ea5f-8524-4bf8-8b65-438a0272fd1c,,51.39726824615471,-0.204649538568553,51.51420583398678,-0.226194561771918,2023-08-27 01:35:17,2023-08-27 01:38:17,2023-08-27 03:28:17,16.27,Canceled
aa8ace3a-0653-4a97-97fc-78322931c9c1,c7229260-1ad7-421e-846a-098f239a36bc,95e07799-8eab-44c2-95b3-1253f51fbadd,0f616c58-4125-480b-8a5b-87008018f78a,51.4821949135645,-0.0891002767412155,51.44234031156354,-0.2186675812226718,2023-07-12 23:33:44,2023-07-12 23:36:44,2023-07-13 01:21:44,12.47,Completed
f2c4586c-d4d0-45f0-b2fa-8e56443f44ae,f33a1083-fc71-4ab5-a929-91c512881a22,3449c61c-6a12-4457-956c-5541b91f5dd1,950a6a83-be5b-4937-8868-cb7befc02a73,51.42677240138348,-0.083256883995894,51.52254513119964,-0.2110272877224629,2022-11-21 07:27:55,2022-11-21 07:29:55,2022-11-21 09:19:55,17.24,Completed
1fdee5cd-2df0-4884-b9c7-07a32e252aa0,1ff45fb4-0177-493b-a055-6f2cd28bbd30,0c9a75ad-ed73-4dbd-8641-d8b4113fa147,3cbb7464-6f57-4143-a605-49164d1e9695,51.57907550868114,-0.0522717441406724,51.3958518334512,-0.1967917611994182,2023-10-12 07:56:03,2023-10-12 07:58:03,,28.24,Started
24e9da44-e90e-44ce-a3ec-38b27c32c044,b9f60ed7-bcc2-4129-b362-271e93afdd65,be639dae-e0d2-4d52-90ac-e34dc1e76e5a,66810b8a-1d6a-4ff5-a05c-73608bdc3bac,51.53738579560757,-0.0781010535325184,51.488020583717095,-0.0786021695397976,2023-10-12 08:38:47,2023-10-12 08:41:47,,13.65,Started
c0a75074-3da9-48af-8be5-7552aa280601,219f9c6f-c046-4f24-916b-292d39466fed,69e27dcb-d18f-41d1-9e34-12a6c92bea0d,fae8e8ce-6b00-48bc-9528-4a9c96ed9bb5,51.43660145663927,-0.0912961707905714,51.52158357523738,-0.1058069354230353,2023-10-12 08:54:06,2023-10-12 08:56:06,,17.72,Started
ae8e6690-5801-4a14-828e-876a102f8c06,3bcf1c80-5c85-42eb-b8cf-3c957d72e96a,0310617c-b3a4-4766-b80e-366d26682bfd,3feea727-a57d-45b4-b7ca-8fd82c3eb514,51.39058812592906,-0.1351646794581958,51.52783471126353,-0.2118259356590615,2023-10-12 08:35:20,2023-10-12 08:36:20,,20.1,Started
e97f703b-e2b0-4199-bac2-9cab602eaa70,8073aca3-c1cb-4c77-b0c5-e05fde005a22,8b7a244b-80bd-4fbd-bea0-418ca6363762,643dd765-add7-46a4-a3e9-e0524e310155,51.52565894322014,-0.1037490138928485,51.56963834293053,-0.173208577282824,2022-12-31 05:48:12,2022-12-31 05:49:12,2022-12-31 06:27:12,12.8,Completed
d1db3072-3653-4c28-b419-682fd27238e6,edccbbe4-13fd-47a4-ac54-7617628f5667,a13f468b-1960-4277-ae4f-29d597167036,8ef22bdb-99c1-44fa-a201-551042918044,51.57483136110125,-0.2062639496723697,51.40693239377088,-0.1579775416254141,2023-02-21 16:44:41,2023-02-21 16:47:41,2023-02-21 18:25:41,23.59,Completed
428c052a-28b3-4a1a-8221-3f8bb7c61ed1,4997a804-6855-46dd-9fef-a4dee0cd5e78,dc980c64-2abf-418a-b96d-f1602f2b57e9,f47ad070-ab12-48e3-9fcb-7e68992cce3b,51.52038703880406,-0.2280780731931331,51.42129389151216,-0.1823348896997685,2020-08-03 18:05:01,2020-08-03 18:08:01,2020-08-03 19:46:01,14.26,Completed
b390b031-b5b8-44cf-b7ab-349b093eb054,09cc1bbd-2991-4b00-9ace-ea37e4c435e5,616bc1be-2357-41e7-8047-73c76c8757f5,4837e670-94ac-4e19-9969-51d49747993b,51.5090978411424,-0.0720165967552721,51.5708707585123,-0.2374936972990009,2021-11-24 15:34:23,2021-11-24 15:35:23,2021-11-24 17:15:23,16.63,Completed
e41dd2ba-5216-4b42-ab2f-c2247f3e4ca6,a15b13da-8f58-4849-87ed-37e0ece3cf36,6236038d-eb1f-4335-884e-5e591390a6e3,,51.391493761690086,-0.1294743579434356,51.5605116735065,-0.1828621928868525,2022-09-01 01:21:19,2022-09-01 01:22:19,2022-09-01 03:12:19,23.82,Canceled
5de55e7d-77d1-49d5-9136-b33558b0aeb9,dffbf368-1f83-4bed-aac8-8470c9e8b590,0af7a79d-2c70-4de5-9faf-fe232366cf16,,51.581564994924975,-0.0926587347774967,51.4681357725568,-0.2302864036175151,2021-08-19 21:10:51,2021-08-19 21:13:51,2021-08-19 22:53:51,19.67,Canceled
30201609-fb44-4a6a-9ced-7f7e93d9f40b,03f4a17c-73a7-4b25-807c-27ab083f0323,8231aa70-ed92-452d-9e49-9bc872135009,e2ec0d1d-385c-4c15-b942-07c77f64ca51,51.51978959297213,-0.1727364052154635,51.437929476405465,-0.044098974748216,2023-04-02 15:16:54,2023-04-02 15:18:54,2023-04-02 16:56:54,15.86,Completed
9a53a2ab-fea8-4c31-a071-e68935e6c3b8,3bcf1c80-5c85-42eb-b8cf-3c957d72e96a,501a4719-7516-4442-9b90-e3f245956613,,51.54280140985865,-0.0777399940983504,51.499491471320496,-0.114597880764245,2022-06-28 18:31:30,2022-06-28 18:34:30,2022-06-28 18:57:30,13.56,Canceled
6dcb63d8-06ed-436c-b9cc-8761775ae44e,b3f017ea-44c8-4d5b-93ea-c46599f162a4,dc980c64-2abf-418a-b96d-f1602f2b57e9,6ef2fb7f-fe6f-4518-9105-7bb2178d6b2a,51.532960821828055,-0.062729649161955,51.427043830896864,-0.2000568306250368,2023-07-10 14:43:29,2023-07-10 14:45:29,2023-07-10 16:25:29,18.84,Completed
08e91f85-3b1d-45af-869f-956cef15e8b6,edccbbe4-13fd-47a4-ac54-7617628f5667,616bc1be-2357-41e7-8047-73c76c8757f5,,51.514123295180816,-0.0564334350138312,51.42105181320735,-0.1223073761646593,2023-03-06 14:40:58,2023-03-06 14:41:58,2023-03-06 16:26:58,14.07,Canceled
3cddcdbe-6b85-411f-8369-b49780e888cc,3e808340-b405-4597-bfa3-f3ca6e542b20,f2e1b480-7a2b-4fb7-82aa-3a142bd67216,6dfbf210-f99c-4566-a110-127eb791869a,51.508622211837405,-0.0716455324195856,51.49377349491513,-0.1955335223724913,2023-09-22 09:59:06,2023-09-22 10:01:06,2023-09-22 10:41:06,16.33,Completed
24b40b57-b33e-43fc-baf7-2f9e562b0baa,780e0a6e-6ddc-4fbc-97a2-f13ec6e90e5e,75bf40f3-1859-4fe6-8c98-8966228a0132,f53e74f0-d6ae-4204-a70c-b0d9c9dc4914,51.5891611126497,-0.2219761200999366,51.432315035761306,-0.1119939502518138,2022-06-21 07:37:39,2022-06-21 07:40:39,2022-06-21 09:22:39,23.67,Completed
d4ee3356-3d45-48f6-8fff-5bb26cc9e80f,8073aca3-c1cb-4c77-b0c5-e05fde005a22,fef5ea5f-8524-4bf8-8b65-438a0272fd1c,43c518cf-21cb-4218-881e-d8a778ea74db,51.53582091300378,-0.2235893872747512,51.51060953734425,-0.2107130751185819,2018-10-27 21:20:13,2018-10-27 21:21:13,2018-10-27 21:29:13,9.15,Completed
d36d2df0-1c3d-46c1-abda-1bb5e0ca71d5,97476e37-8cba-4869-8718-e905bf07c5ad,f9111c6f-2382-42b6-9bda-4b66fc5670b2,103af113-d4e8-4bb5-bffc-9587bde77ef5,51.407295383965376,-0.1934797983155539,51.43519433964544,-0.06551750304348,2022-06-10 12:55:42,2022-06-10 12:57:42,2022-06-10 13:47:42,17.57,Completed
0b6039d5-b0fb-49a9-aca7-145b121aa0da,5d8c3d33-d95a-4aaa-b43c-bf47a65b40df,6a4d431d-4011-4ab2-9608-48884f32ee5b,64022da9-6b15-4fa8-ba2d-cfe38d60b4e9,51.57794363587227,-0.1902660559002462,51.44385743524311,-0.1488410109655115,2023-01-24 17:40:05,2023-01-24 17:43:05,2023-01-24 19:33:05,18.88,Completed
f1f4ef22-c0a2-47af-b335-07694a02914d,ff827e02-10c9-4d6a-b02a-b3d80c9c1388,eb3757d8-1f81-49f2-be60-a61ed29d225f,,51.56546526614526,-0.1968823991691527,51.44111560051854,-0.1861736035829367,2022-05-21 03:29:16,2022-05-21 03:32:16,2022-05-21 05:12:16,17.22,Canceled
be474087-ddba-4388-b4b5-801fa4d52c71,780e0a6e-6ddc-4fbc-97a2-f13ec6e90e5e,be639dae-e0d2-4d52-90ac-e34dc1e76e5a,e35d355b-9c52-4a84-b8e4-356a6d4d7f4f,51.57184098376579,-0.2064673875443844,51.58766551044998,-0.0832024114530273,2023-03-28 03:17:11,2023-03-28 03:20:11,2023-03-28 03:58:11,16.26,Completed
9c9d97ce-d478-41a0-a3ca-403b0b5ec069,3f0da1e1-8ed5-4fea-8f41-3a070394584b,7b332cc2-cdbe-46b3-8221-5129bdbc289e,bfde9a8b-9ba7-4166-a8a1-aa523ad9b27c,51.47178268562573,-0.2084520584033408,51.4791737552993,-0.2409793981569898,2022-12-06 08:22:53,2022-12-06 08:25:53,2022-12-06 08:34:53,7.47,Completed
0aef08c4-2a54-4187-9fdd-0e1b133cc45d,68834330-0480-4233-8137-d0e8a12ac12c,501a4719-7516-4442-9b90-e3f245956613,,51.53456846481373,-0.0819347648783077,51.5879051327576,-0.1148575928769539,2022-03-09 09:46:15,2022-03-09 09:49:15,2022-03-09 10:12:15,15.8,Canceled
02142131-02b0-47de-be56-e57bf26efd49,60cd7d54-0b3e-4a2d-a152-1ba748ac1ebb,69e27dcb-d18f-41d1-9e34-12a6c92bea0d,5c2881e1-5b3d-4e4f-ae1f-1226f7a8bbc8,51.4517148430431,-0.0569151344855051,51.55642674954886,-0.1768647159768667,2022-03-02 02:49:21,2022-03-02 02:52:21,2022-03-02 04:27:21,17.8,Completed
723ccf07-38bd-4501-afbb-18395f13f60f,c51773fd-51bd-4ac6-ba31-76baf005412e,f9111c6f-2382-42b6-9bda-4b66fc5670b2,85e188be-27a7-4e7f-b6a7-e80593247ae5,51.51067802213309,-0.0834664490268026,51.511494550077785,-0.1602620239113703,2023-02-24 13:32:37,2023-02-24 13:34:37,2023-02-24 14:04:37,13.25,Completed
8013c98e-7ad2-4594-8e3b-ebcaade920b8,6f55f06c-6b96-4388-8869-d334003cb01a,0dd7e44f-27da-4292-be1b-edb78d016784,2ce27631-7265-450b-a0f7-0b939ac715cf,51.52598306957381,-0.2117805880989351,51.43730952056439,-0.1000894679763499,2022-02-15 06:50:15,2022-02-15 06:53:15,2022-02-15 08:43:15,15.6,Completed
4adb615f-383d-48dd-a016-dddefc7a312c,0297315a-28de-42fb-a09f-c228c271f9f9,6236038d-eb1f-4335-884e-5e591390a6e3,7b6367a1-84fc-49bb-bfd8-af5f420fdeff,51.54503911820272,-0.0785402089055118,51.48711831039653,-0.1264132547298962,2023-05-17 22:00:30,2023-05-17 22:02:30,2023-05-17 22:42:30,13.52,Completed
e15e58b4-a0ea-41ed-97df-c344957c3e06,b1ee077e-714f-4c73-ad1b-a1812b67b0bf,0310617c-b3a4-4766-b80e-366d26682bfd,c95fa789-379d-4a74-b00d-08a178d9aaa2,51.3927064625318,-0.1033433490851888,51.4338466004493,-0.1525443892197348,2023-10-12 07:47:09,2023-10-12 07:48:09,,14.21,Started
124d3fdd-0a75-4509-949b-3884d0be5782,cc3986e2-ebdb-44f9-83c9-e6b8ce3d247d,43f9e0c7-023a-4866-8e97-f26a70ea5dca,,51.496963526953785,-0.2343906064870853,51.43725433780018,-0.2372937900774376,2021-10-16 16:41:57,2021-10-16 16:42:57,2021-10-16 17:17:57,12.39,Canceled
e49d1556-7e85-481b-85d3-2850d0f755b9,0297315a-28de-42fb-a09f-c228c271f9f9,8231aa70-ed92-452d-9e49-9bc872135009,b1c99f79-5c33-47b1-b34b-86cee7bc80d1,51.48892803786475,-0.0580162883175571,51.50025803596871,-0.0867989782158324,2023-10-12 06:55:38,2023-10-12 06:56:38,,7.34,Started
e5c2473b-1887-40aa-8a4b-37b9eaafc169,14aab268-0e90-4752-bb6c-57118ca4d4ca,6084a903-ef5e-41e7-9a7e-aeee1a3dde3e,,51.4570562390227,-0.0627183725186127,51.440363026874216,-0.1158688936839156,2020-04-03 23:57:33,2020-04-04 00:00:33,2020-04-04 00:20:33,10.28,Canceled
d9346ff9-51da-4e4a-b27a-f7bfd11b54b3,73553647-0360-4aed-b37b-75625548da14,5d7f94bb-c431-4efb-bc52-9e5a1ba36570,,51.58675805360563,-0.1872811729525783,51.54042332514351,-0.2413486182648748,2019-02-07 23:32:54,2019-02-07 23:35:54,2019-02-08 00:05:54,15.84,Canceled
3ffe5d7e-cfe4-4232-b8d9-1c49b6c674f5,4997a804-6855-46dd-9fef-a4dee0cd5e78,6a4d431d-4011-4ab2-9608-48884f32ee5b,46b0ed11-33c8-4c0f-9bed-ce3bc43d3fa3,51.49176993837179,-0.136376945921011,51.42403189333099,-0.0555818268059154,2022-01-30 01:43:13,2022-01-30 01:44:13,2022-01-30 02:19:13,17.52,Completed
e559631a-5bf3-4690-9021-38fd8c3cd8a4,715c86a8-2338-41fe-89f8-37c30b3f39d3,6236038d-eb1f-4335-884e-5e591390a6e3,,51.573566718351366,-0.0470788179011446,51.47099905177987,-0.1328330665541892,2022-01-17 04:05:36,2022-01-17 04:06:36,2022-01-17 06:01:36,15.99,Canceled
e6181fd2-d998-4a6e-9232-cd18e10346b2,4997a804-6855-46dd-9fef-a4dee0cd5e78,6236038d-eb1f-4335-884e-5e591390a6e3,,51.56312429437261,-0.2430774120216834,51.42964319100266,-0.0476373595271196,2020-03-17 14:00:08,2020-03-17 14:02:08,2020-03-17 15:52:08,25.0,Canceled
c0f39872-2a85-42df-9eb2-e86f628b8e2c,2a6cecda-9a67-4b5c-85b4-e54397353d44,1abf5153-5f98-4b83-a308-6b5e93e2e78a,4a07cf02-5a30-4b57-a88e-39d744f975fc,51.39649456264035,-0.0506406926618631,51.58049482463243,-0.1150412900653055,2020-08-09 06:52:50,2020-08-09 06:53:50,2020-08-09 08:35:50,26.04,Completed
6ced6a0b-0626-4967-a645-531d003296d6,1ff45fb4-0177-493b-a055-6f2cd28bbd30,61c1b6d6-12ce-4627-acd5-cf7058c8d975,b2a06c31-4419-4deb-8046-30e9e2754c8e,51.447413592449486,-0.1267268673497892,51.55686195592215,-0.0772516918434755,2023-09-20 20:02:51,2023-09-20 20:04:51,2023-09-20 21:59:51,15.72,Completed
9ee02164-ff76-4f0a-a40e-d33a187fe3c4,b1ee077e-714f-4c73-ad1b-a1812b67b0bf,d736a174-d1e8-45ae-9970-8994fa2a3d74,,51.4383539427842,-0.0912994633556158,51.51978037081543,-0.1134618542338782,2023-08-14 06:15:40,2023-08-14 06:18:40,2023-08-14 07:03:40,17.13,Canceled
21cf7356-ed8d-4381-a2d2-287e0b74f220,c51773fd-51bd-4ac6-ba31-76baf005412e,8231aa70-ed92-452d-9e49-9bc872135009,8aff47f4-0b16-4907-8faa-e024d2c631b0,51.578545640590974,-0.1936101592481323,51.566065354302985,-0.2077062068542567,2023-01-23 05:36:53,2023-01-23 05:39:53,2023-01-23 05:48:53,5.28,Completed
8f2b1dad-e4ce-4328-97b0-4d3a192a98e2,a5614fa0-0daa-4043-b9f4-2320e900fc1b,3449c61c-6a12-4457-956c-5541b91f5dd1,,51.55065255654847,-0.0659767029828485,51.46146461154539,-0.2179694747348748,2023-06-12 13:19:12,2023-06-12 13:22:12,2023-06-12 14:57:12,18.0,Canceled
3d8cc073-b22d-476d-bf13-c889562d60b8,b8a608ca-8609-4c79-8e83-aa9aff745a0b,3a4fa869-d088-4af0-b7f4-c8d254bf35cd,b2915f56-60d6-43b6-9eeb-f1dd9f92c05b,51.46667051365172,-0.090046093366281,51.45785222111547,-0.2005252677482615,2017-04-13 22:04:06,2017-04-13 22:07:06,2017-04-13 22:47:06,14.43,Completed
91ce76ea-d7d0-4e12-b065-1482f6d5a5e8,0159bcd8-e37d-4c5e-b520-fe1744df3d83,6084a903-ef5e-41e7-9a7e-aeee1a3dde3e,41669a96-3e6f-4da0-9497-5a6917cfae69,51.51461763715975,-0.1478003502601502,51.561271017817305,-0.1285561503579949,2023-10-11 01:38:40,2023-10-11 01:41:40,2023-10-11 02:06:40,13.32,Completed
53c6bef8-017e-4173-a0f7-72ff6643df05,eb7ea51d-17b5-4c02-992e-5d93a4462c0e,0dd7e44f-27da-4292-be1b-edb78d016784,9e4ab3b3-0926-45f8-8822-2bf0e15da8d7,51.57848373350178,-0.2414355910481018,51.55754708736987,-0.2307125081676201,2023-10-12 09:12:39,2023-10-12 09:13:39,,7.6,Started
d3422baf-7c84-4b3e-9611-f2cd8aee9dc5,c7229260-1ad7-421e-846a-098f239a36bc,9675f1b8-9d4e-4cab-a5fb-14455bcf31cd,5953ceb9-4d3c-4410-a179-e1acd25b4798,51.39084872480406,-0.1481554697841631,51.49060519804478,-0.0849891299316437,2023-08-05 09:42:42,2023-08-05 09:43:42,2023-08-05 11:25:42,14.83,Completed
8de5ef9f-4be3-4c61-9503-8c6f00d317a0,36183949-9fb0-4687-b2e6-695130a50fe4,fef5ea5f-8524-4bf8-8b65-438a0272fd1c,63478550-2473-4b29-b7a1-7729e0d46c0e,51.43117692656149,-0.086414157520178,51.417431341037926,-0.0908262625039778,2023-08-16 10:56:12,2023-08-16 10:59:12,2023-08-16 11:06:12,6.78,Completed
9a563f53-9b86-49c7-aede-bbd098020978,2edd0ec4-bb70-446e-a12d-d9e1a956cfdf,75bf40f3-1859-4fe6-8c98-8966228a0132,4355c896-33ce-4892-b8ae-c2d1527938b0,51.40295512424566,-0.1522074747494338,51.4787586105314,-0.2294932595221153,2023-03-01 23:46:05,2023-03-01 23:49:05,2023-03-02 01:31:05,12.43,Completed
53c10b49-8148-47b6-abb7-10e4eb64ace2,b1ee077e-714f-4c73-ad1b-a1812b67b0bf,e3fe6906-7b87-4aa9-ad93-fc20e5149fa1,c1e51c13-2187-4ad9-84ef-9ed1e1edd973,51.582169772072966,-0.199868025790653,51.43400408239216,-0.0918087643097004,2023-08-13 04:29:23,2023-08-13 04:32:23,2023-08-13 06:12:23,22.51,Completed
4350cc33-ff02-45fc-85ea-82ddc2fb2187,edccbbe4-13fd-47a4-ac54-7617628f5667,1abf5153-5f98-4b83-a308-6b5e93e2e78a,edb4a3dc-e98d-4809-9d36-72050e17775d,51.55923371745794,-0.0966951407414163,51.445269625349376,-0.0800944501227493,2023-05-10 13:29:09,2023-05-10 13:32:09,2023-05-10 15:27:09,15.82,Completed
5add53c1-85e5-48e8-82f5-1c4ed410454b,cc002588-6025-4eb2-a2e4-75d144185cdf,fb1f20f0-f1a6-4579-bd6a-73efdc5141f3,dd8b3f24-a6e8-4c9f-84a0-04159e6ec810,51.41121100935786,-0.1528087066321773,51.397133453466616,-0.1450799827423418,2020-11-16 20:21:06,2020-11-16 20:24:06,2020-11-16 20:33:06,5.14,Completed
4f4b31bc-bfda-4854-b799-7a0dd3881167,eab5e0e9-b313-4046-a1c9-60ed87fa7fbb,57a8e8bd-cf63-452d-aa55-18e841617263,0541b6aa-0346-42ec-8dba-d32ce37a6282,51.49236511192284,-0.0895026771095554,51.51046559106594,-0.2252019676215819,2023-09-24 04:36:07,2023-09-24 04:39:07,2023-09-24 05:17:07,17.96,Completed
c0cf1444-c376-4849-b905-9dabd38b87ba,8759dd31-9b24-4148-bc92-2f8811875592,f2e1b480-7a2b-4fb7-82aa-3a142bd67216,2431ac34-031b-4b76-8973-d81f34d0c823,51.43120154344601,-0.0834062621462961,51.58880138616037,-0.0976127839383139,2023-10-12 06:55:12,2023-10-12 06:56:12,,21.82,Started
9a2b12ef-fb95-4d16-ba28-b0686d2208bd,97476e37-8cba-4869-8718-e905bf07c5ad,8b7a244b-80bd-4fbd-bea0-418ca6363762,7673a000-1d07-4600-a263-fadb49424617,51.51057262692374,-0.2404017021959562,51.41425259650519,-0.1835066974326416,2021-01-21 16:33:20,2021-01-21 16:34:20,2021-01-21 18:29:20,14.2,Completed
1a65ba4b-b670-4c97-a386-d9491d4c3b10,6927f5de-fc17-440d-9ca9-816642570230,6a4d431d-4011-4ab2-9608-48884f32ee5b,255d12bf-582a-4311-a0d3-1990b54c8553,51.483854120648346,-0.1968380342453241,51.53836535779366,-0.2058551764741796,2019-05-28 03:39:01,2019-05-28 03:40:01,2019-05-28 04:00:01,15.15,Completed
8235b075-6e3f-40fd-87b2-b517deb4409f,6b9ca4bd-69a9-4b86-af0c-abb9dc63fe29,767d9114-fc3f-4158-b674-8ccec84e2a20,,51.45243030978202,-0.16934110710075,51.52168319986944,-0.1976652148247093,2022-05-22 13:54:58,2022-05-22 13:56:58,2022-05-22 14:38:58,14.82,Canceled
1e7c8581-23da-4d44-b75e-693e5f2fe013,68834330-0480-4233-8137-d0e8a12ac12c,501a4719-7516-4442-9b90-e3f245956613,83c2f4c5-2a7b-42f1-90ac-47a6c835d7c4,51.48828400138789,-0.1766886652139313,51.560287380629866,-0.1781332163279452,2022-07-08 02:19:49,2022-07-08 02:22:49,2022-07-08 03:04:49,14.93,Completed
44b47b99-e348-4a41-a055-4d5e2b2ef326,53fb886d-c811-45fc-a464-65eb3f82d5d8,6236038d-eb1f-4335-884e-5e591390a6e3,6d9fccb5-b64e-4fd1-addf-601a7c2faa16,51.39094496908292,-0.2319527537152259,51.47549544954569,-0.160790798328406,2023-04-18 12:11:41,2023-04-18 12:12:41,2023-04-18 13:50:41,13.21,Completed
e8745ad4-bb2d-4916-998c-87ce50b77548,94ff3d68-e262-4fa4-bf62-162e4e7ddd21,eb3757d8-1f81-49f2-be60-a61ed29d225f,f287ae99-98aa-4380-ba60-09f0432a2b45,51.56792728037947,-0.1350220198324027,51.50608802928805,-0.1113167782064742,2020-12-19 00:36:28,2020-12-19 00:38:28,2020-12-19 01:33:28,13.19,Completed
6e812cba-68a2-4eb3-a824-966c094972d8,2caa535e-78de-466c-aadc-e3e9f5077d22,3a4fa869-d088-4af0-b7f4-c8d254bf35cd,54434595-1153-4f53-bf7d-8fe5495300df,51.51087431976686,-0.1108312107203756,51.42972846431433,-0.1434267701266799,2023-01-07 04:46:14,2023-01-07 04:49:14,2023-01-07 05:29:14,17.35,Completed
ee22b05e-f943-43ac-95a3-aa67bcbe4dfc,92c1cc92-00ee-4f21-8bab-741dec9f7b15,69e27dcb-d18f-41d1-9e34-12a6c92bea0d,fd0393f7-6eff-42cf-b702-424b96bced2a,51.54990611964973,-0.1168083841393377,51.5375896366717,-0.1606417084415033,2023-10-12 08:43:58,2023-10-12 08:46:58,,8.29,Started
2133762e-1543-4187-93e9-527819e7c009,5e3c4ad6-38fc-448e-8a7b-964aedd71234,0af7a79d-2c70-4de5-9faf-fe232366cf16,86277af4-a63b-4742-8022-310405bdad5a,51.41139975847893,-0.1447363105656238,51.569364166705206,-0.1301923743144742,2023-08-07 02:55:33,2023-08-07 02:58:33,2023-08-07 04:40:33,21.88,Completed
67d5955f-4670-4770-8f9f-210815ae2267,8759dd31-9b24-4148-bc92-2f8811875592,be639dae-e0d2-4d52-90ac-e34dc1e76e5a,50360b54-cf28-4025-8e04-cc827aa01899,51.52189652618139,-0.0533535850088415,51.482116698695535,-0.0702579596484404,2023-09-19 19:24:45,2023-09-19 19:27:45,2023-09-19 19:47:45,11.38,Completed
b4dba9e9-9b11-45a2-8760-15728f839bc8,ba2ad9eb-0cac-4f1a-9bef-7f92bc8b806e,9cc6b501-5575-45e7-a56b-d1204af646b3,656800f8-8270-4271-b067-d7c294a0fb29,51.39817504904919,-0.2019115486027054,51.42682252959931,-0.1208115845549704,2023-10-12 08:43:53,2023-10-12 08:44:53,,12.08,Started
9600ec5b-910a-4d30-8e85-28ccb51d28d0,2caa535e-78de-466c-aadc-e3e9f5077d22,eb3757d8-1f81-49f2-be60-a61ed29d225f,c62cd9ac-b804-4f2e-94ac-74f31dc65e98,51.41926932156195,-0.0786801275940091,51.51435167381312,-0.1529625949854005,2023-10-12 07:23:34,2023-10-12 07:25:34,,14.63,Started
325abc97-8a8c-41f1-884d-f2c733fbbe7b,b1ee077e-714f-4c73-ad1b-a1812b67b0bf,7b332cc2-cdbe-46b3-8221-5129bdbc289e,a38df1c4-ff86-4195-a119-d0cabc657453,51.58907481077465,-0.0590893702718384,51.43698999523329,-0.1826477985172931,2023-08-27 13:44:43,2023-08-27 13:47:43,2023-08-27 15:27:43,23.58,Completed
400bcb39-abed-4f7d-9a15-0685d52e3766,3bcf1c80-5c85-42eb-b8cf-3c957d72e96a,767d9114-fc3f-4158-b674-8ccec84e2a20,,51.43090209332989,-0.0833095710224589,51.42993636417079,-0.1122915036511219,2023-05-12 12:45:45,2023-05-12 12:48:45,2023-05-12 13:02:45,6.27,Canceled
35cee7e9-91c1-48df-8683-281ac5f80546,edccbbe4-13fd-47a4-ac54-7617628f5667,767d9114-fc3f-4158-b674-8ccec84e2a20,,51.39672864008087,-0.074825094473693,51.5441209014041,-0.1551029201721712,2022-12-02 06:42:21,2022-12-02 06:43:21,2022-12-02 08:33:21,21.53,Canceled
1dfd26cb-3dff-4290-ac2c-beff85f42460,36183949-9fb0-4687-b2e6-695130a50fe4,f2e1b480-7a2b-4fb7-82aa-3a142bd67216,935300b3-838d-4fc9-842e-c30e74154056,51.52796826604267,-0.0784864765048276,51.55177379325948,-0.0928106883452864,2023-08-29 03:56:13,2023-08-29 03:59:13,2023-08-29 04:09:13,8.79,Completed
d9d424f8-44f8-4064-ad94-6b6fc0459967,295751c3-9124-4d96-acef-c56f213fbf05,81b3a32f-0036-47d4-8f2e-fab9082ebb38,57c05c7c-ec6b-4877-bbc8-043ff3a2270c,51.58149356550554,-0.1996174665132313,51.39614867730946,-0.0469551970341743,2019-12-17 05:46:04,2019-12-17 05:48:04,2019-12-17 07:30:04,28.82,Completed
3a45adf7-ac37-4812-ac76-785199173ed5,a19f53df-4890-4aa5-bca7-811285197c79,553ee71d-a797-4162-a1a1-e5d3fbe0aa99,b8496c7a-4198-4105-b946-f455f7d12371,51.41619776813455,-0.1876012471365066,51.45227402709912,-0.1625344084016807,2023-05-22 16:03:57,2023-05-22 16:04:57,2023-05-22 16:24:57,10.88,Completed
7875b186-5c52-4247-b994-c2fb1ecb1129,cc002588-6025-4eb2-a2e4-75d144185cdf,e3fe6906-7b87-4aa9-ad93-fc20e5149fa1,4f138679-fda0-4d49-8f51-cff5baa57b2c,51.56898269512966,-0.1310926249439173,51.47084636026784,-0.1444445148487314,2023-10-12 09:18:03,2023-10-12 09:20:03,,13.62,Started
609af49e-cd57-4144-8244-e957a2e8ab92,cc002588-6025-4eb2-a2e4-75d144185cdf,05a1acd4-d4f5-471c-a04a-0657f4eae488,2dff12d3-2091-45ab-93a7-4e9a872d7c0e,51.39687928917812,-0.1815828112730407,51.39686923145655,-0.2174211180875983,2021-07-16 15:38:29,2021-07-16 15:40:29,2021-07-16 15:49:29,7.75,Completed
eb630fe9-ba1d-43e9-b8cf-1dc720ffcc2f,eb79a18e-b834-434c-8a62-1910ebf9c67a,75bf40f3-1859-4fe6-8c98-8966228a0132,9bd710a9-11a4-45b8-9bff-b03a3f1ec3ac,51.56707902442415,-0.2362865699663125,51.43288378968504,-0.227403457409595,2021-06-08 21:19:12,2021-06-08 21:20:12,2021-06-08 23:00:12,18.57,Completed
ec7dae93-0e65-4e1c-8407-a759cbc82c77,a9c1d92d-405c-4ca6-89cf-6fe987e4d14d,74e9fd01-1fd2-4e7a-a53b-d7ae5a2ce764,5508afc5-4908-4ef1-ab57-46bd6598c805,51.51253963439468,-0.0595320051424478,51.45875060268665,-0.2071948764995541,2023-03-11 15:34:25,2023-03-11 15:36:25,2023-03-11 17:26:25,14.76,Completed
a83d3c2d-859c-4ba1-98bc-a31fc8d15a41,9b18e070-8247-4672-b0b1-7e8ceed33dcc,616bc1be-2357-41e7-8047-73c76c8757f5,342c1424-64f4-4d18-a6fb-5a3d2f33bb89,51.4000731490699,-0.1973575601416584,51.54004210950457,-0.0582459086395881,2023-05-27 12:21:18,2023-05-27 12:24:18,2023-05-27 14:19:18,22.78,Completed
ae1cb682-0dcc-4476-ada9-43d3a1aa12d4,eab5e0e9-b313-4046-a1c9-60ed87fa7fbb,57a8e8bd-cf63-452d-aa55-18e841617263,15f62a55-b035-44ab-b6a5-017d780d789a,51.41141870875274,-0.1299548722393066,51.48542800448804,-0.2089948629045191,2023-09-24 00:36:59,2023-09-24 00:38:59,2023-09-24 02:16:59,12.3,Completed
1bfc3c76-f29b-47e0-bcbc-5f8512237ef3,6f55f06c-6b96-4388-8869-d334003cb01a,69e27dcb-d18f-41d1-9e34-12a6c92bea0d,dd0da35d-4c72-4a22-98cd-947a09c980ed,51.48946384462111,-0.1179603460054262,51.55863336303796,-0.1439737688296049,2022-10-23 11:59:31,2022-10-23 12:00:31,2022-10-23 12:55:31,14.74,Completed
d6801226-0175-45fb-87a8-07922d74fa8b,60cd7d54-0b3e-4a2d-a152-1ba748ac1ebb,05a1acd4-d4f5-471c-a04a-0657f4eae488,64674b92-00e5-48bd-a234-7df89e553d3a,51.58501663141706,-0.0764105344893736,51.51447296819824,-0.2065941198393535,2022-04-14 08:37:02,2022-04-14 08:38:02,2022-04-14 10:16:02,14.87,Completed
a45211f5-8400-420f-a28b-220af5d6f8ea,c84c0160-a9f0-4f46-b2ec-41eafe4e2c2b,9cc6b501-5575-45e7-a56b-d1204af646b3,d63e091e-7b3c-4f7f-b0aa-447ca670b1f8,51.40632594924673,-0.1515714017486016,51.447017022987794,-0.150443323835368,2022-08-27 13:39:18,2022-08-27 13:42:18,2022-08-27 14:12:18,11.25,Completed
b0bf6738-4efa-426d-a40f-e6fcaa943dfb,27bf1b63-d067-44ff-934c-c4c7073612b4,fef5ea5f-8524-4bf8-8b65-438a0272fd1c,,51.58562647661076,-0.1019942656183669,51.564238970695655,-0.1498885768644474,2022-10-15 12:23:21,2022-10-15 12:24:21,2022-10-15 12:44:21,10.15,Canceled
e53502c0-be60-409c-bf14-3af2aa7bfe5d,3dcce4d7-1028-470f-a5b3-fd5fbe3a9b23,5d7f94bb-c431-4efb-bc52-9e5a1ba36570,5f63aa71-8a13-471d-9193-14b1caf2d4e1,51.46278695531991,-0.135327259898667,51.577115914845926,-0.1354919224965372,2023-02-23 15:43:06,2023-02-23 15:45:06,2023-02-23 17:40:06,15.81,Completed
026a8ecf-ca5c-4c0c-afcf-80384c11939b,2c9aaddd-b0a8-4f57-adfc-23cbfc33511b,cdabf394-9e24-4a2d-8ca6-ef27e6141c5b,e94a821b-007b-46a4-8a53-2995a9451196,51.578567612014574,-0.1747662930581119,51.4501497213948,-0.2255242650276352,2023-10-12 07:01:59,2023-10-12 07:04:59,,18.29,Started
1c2cdcb8-6572-4795-abe9-930e69262a26,97476e37-8cba-4869-8718-e905bf07c5ad,57a8e8bd-cf63-452d-aa55-18e841617263,757370be-0f21-47a5-8094-c9f075bc58e8,51.5412483494479,-0.0526089260552258,51.464146168259845,-0.2153865677344175,2020-10-28 05:33:47,2020-10-28 05:35:47,2020-10-28 07:25:47,17.63,Completed
0d861093-cf01-4b7b-9ae6-840d6ed8507c,0159bcd8-e37d-4c5e-b520-fe1744df3d83,5d7f94bb-c431-4efb-bc52-9e5a1ba36570,6f893cf6-d3ec-4b65-b561-8ef7c335db6a,51.5406200032985,-0.0942506850382622,51.5761737397568,-0.110556977102687,2023-10-11 01:39:40,2023-10-11 01:41:40,2023-10-11 02:01:40,10.23,Completed
4bae5bce-4862-4091-910c-d031643ac62b,7f526b38-bc24-49d7-a16c-b8f2956fb256,8b7a244b-80bd-4fbd-bea0-418ca6363762,9c7f9528-e77b-4afc-9092-ae0226ba2f2a,51.5309906083404,-0.0617617766011876,51.49395765812318,-0.2401813933109187,2023-10-06 23:52:05,2023-10-06 23:53:05,2023-10-07 01:43:05,16.22,Completed
6682081d-6405-43ab-8fe0-f011969d3566,3e808340-b405-4597-bfa3-f3ca6e542b20,0310617c-b3a4-4766-b80e-366d26682bfd,034d9a21-5587-4c5f-8a7b-fa0fc8509b87,51.44826403544442,-0.1023346143279345,51.56930573106338,-0.1561992247882092,2023-09-06 12:58:56,2023-09-06 12:59:56,2023-09-06 14:37:56,17.37,Completed
cb6dc737-d42b-4350-bdd1-748eeeed1d93,295751c3-9124-4d96-acef-c56f213fbf05,51b713f8-2f85-4199-b02d-1cef9e3d7352,51bc7a5b-6041-4ba7-85f4-d872ca1f1d87,51.42325886937748,-0.1193105405317376,51.45893834675461,-0.2051934240096854,2023-07-13 18:42:12,2023-07-13 18:44:12,2023-07-13 19:24:12,13.37,Completed
dcf09eb2-37aa-4d55-b758-0a5a5c238180,c51773fd-51bd-4ac6-ba31-76baf005412e,0310617c-b3a4-4766-b80e-366d26682bfd,b357b949-ec90-4f5e-9321-a2c14163fbd4,51.51341081777978,-0.0913096019348645,51.45073985584975,-0.0522234254085292,2023-07-23 15:19:19,2023-07-23 15:20:19,2023-07-23 16:05:19,13.95,Completed
076968e6-9d41-45f4-836b-d4af073a4ebe,5e3c4ad6-38fc-448e-8a7b-964aedd71234,dc980c64-2abf-418a-b96d-f1602f2b57e9,,51.5171816457795,-0.1198852881648771,51.510595651157054,-0.1837433737690121,2023-04-09 23:48:07,2023-04-09 23:49:07,2023-04-10 00:14:07,11.17,Canceled
0b5734e5-fb06-42c8-a26f-443cbb9fbf4a,aaa9c67c-3158-41cb-bcf5-bb2c697a2f11,921b503f-0011-4147-8a63-dfc4e4d9ef43,4c49270d-14f6-45cc-a5f1-bbb06df518af,51.57692277427659,-0.1654692092425113,51.58297704900898,-0.1444524926827344,2023-10-12 08:06:28,2023-10-12 08:07:28,,6.98,Started
99156414-645f-4179-83e2-c0f27591b8bd,97476e37-8cba-4869-8718-e905bf07c5ad,f9111c6f-2382-42b6-9bda-4b66fc5670b2,1179d4ee-f0ae-42c1-9148-e960637bc734,51.58603801099876,-0.0886117086458679,51.48174031645346,-0.197614065944094,2021-04-29 21:23:41,2021-04-29 21:26:41,2021-04-29 23:21:41,17.21,Completed
18c11ee4-54cb-41b6-975b-ca2b672605d3,780e0a6e-6ddc-4fbc-97a2-f13ec6e90e5e,dc980c64-2abf-418a-b96d-f1602f2b57e9,b122a1cd-d9f8-4215-8073-30c6c015a996,51.43279298456163,-0.0621284552028596,51.53382182010351,-0.1278285842926868,2022-09-12 16:07:44,2022-09-12 16:08:44,2022-09-12 17:58:44,15.08,Completed
89b50c9d-4e0d-406a-9f76-570022bbf841,7cc033f0-b6b9-4977-83e8-c6619f996133,0c9a75ad-ed73-4dbd-8641-d8b4113fa147,61eadcbf-9272-43f6-9f46-096a249b6b82,51.48294101900033,-0.1439615050193203,51.411559842459006,-0.1106803524591486,2022-04-06 09:48:37,2022-04-06 09:49:37,2022-04-06 10:39:37,15.42,Completed
09bc4bcb-ddd0-4844-8eab-c4eca1609d7d,b3f017ea-44c8-4d5b-93ea-c46599f162a4,61c1b6d6-12ce-4627-acd5-cf7058c8d975,e2b03b46-f07e-428d-8abe-a1da76412023,51.43071220815797,-0.1997230372827821,51.50022820012357,-0.0675225164279053,2023-07-19 13:42:19,2023-07-19 13:44:19,2023-07-19 15:24:19,14.92,Completed
0980215e-de34-4d6c-b757-cfb1b1896da8,dffbf368-1f83-4bed-aac8-8470c9e8b590,616bc1be-2357-41e7-8047-73c76c8757f5,757348ff-f759-4390-a706-d47be4ae288b,51.41848355640713,-0.1482621397201311,51.4266938927691,-0.1345904233444149,2020-10-06 20:32:52,2020-10-06 20:34:52,2020-10-06 20:39:52,5.74,Completed
70363655-576e-4166-bdbb-683771c4b402,0159bcd8-e37d-4c5e-b520-fe1744df3d83,3449c61c-6a12-4457-956c-5541b91f5dd1,d29658f7-56e5-432d-87b1-b5feb7824ae7,51.5245847620533,-0.1361752051417789,51.45966080979199,-0.0704194305064535,2023-10-11 01:39:40,2023-10-11 01:41:40,2023-10-11 02:19:40,15.93,Completed
98288fc3-4b82-4ba1-b0ef-db20cdd25195,d331ab35-b926-496b-8d3d-944e528e7edc,71e7fbcc-ca6c-4aab-958f-f3fb97eab312,a4aa11b7-4971-4e28-a10e-fd40542a26d1,51.451555513040205,-0.0717747039245873,51.40367874211989,-0.2385245975330878,2020-08-27 07:02:42,2020-08-27 07:03:42,2020-08-27 08:58:42,15.86,Completed
44305093-029b-4e2d-84f3-cd4818e6c5c2,3e808340-b405-4597-bfa3-f3ca6e542b20,8b7a244b-80bd-4fbd-bea0-418ca6363762,1a88f533-4268-435b-ad3e-1f254bb08c8c,51.50451199253629,-0.2322326072012142,51.56682774612744,-0.1757433217332459,2023-08-01 21:12:20,2023-08-01 21:15:20,2023-08-01 21:55:20,14.85,Completed
c8724919-3083-41ec-b214-ca044a006223,ba2ad9eb-0cac-4f1a-9bef-7f92bc8b806e,fef5ea5f-8524-4bf8-8b65-438a0272fd1c,261dafa9-3430-4d3f-acb1-96c7cf6260b1,51.57405694257933,-0.0544375773686523,51.47783986262089,-0.1321943652855449,2023-05-24 23:13:48,2023-05-24 23:16:48,2023-05-25 00:58:48,14.9,Completed
6fd95417-e267-481b-af69-825ffa75e59a,780e0a6e-6ddc-4fbc-97a2-f13ec6e90e5e,8231aa70-ed92-452d-9e49-9bc872135009,fe274c8f-a5cb-472d-8e07-35a096e9c4b1,51.51456495209595,-0.0964697976537737,51.43550217406664,-0.1075096832748104,2022-07-07 05:12:24,2022-07-07 05:14:24,2022-07-07 05:52:24,16.46,Completed
0280d0bf-3bd5-4802-8580-0a2773fba351,8073aca3-c1cb-4c77-b0c5-e05fde005a22,74e9fd01-1fd2-4e7a-a53b-d7ae5a2ce764,74126160-a067-4a7e-a4ad-0ec41873532a,51.46790491578292,-0.159281975336373,51.47535301842738,-0.0696452706276165,2021-11-19 12:01:05,2021-11-19 12:03:05,2021-11-19 12:26:05,15.62,Completed
bd2a8726-5715-4af5-a75e-8161f329d122,b8a608ca-8609-4c79-8e83-aa9aff745a0b,3449c61c-6a12-4457-956c-5541b91f5dd1,37481c60-e57a-412e-863e-f609be058998,51.563403925742605,-0.149250209070028,51.58742334120182,-0.2138710312271961,2021-07-23 10:15:49,2021-07-23 10:17:49,2021-07-23 10:47:49,12.97,Completed
d73c31a5-c985-4ae3-afb1-dd565387c575,5b24b9e4-d8b0-4b98-bb6e-07b42d04ba9e,75bf40f3-1859-4fe6-8c98-8966228a0132,227d707f-1412-47fc-bd85-1d955721e77e,51.50592907385208,-0.2015449085575543,51.56388686566279,-0.1430510821538916,2019-02-28 04:48:37,2019-02-28 04:49:37,2019-02-28 05:34:37,14.2,Completed
4a97ba34-1455-4714-ae0b-822f40433283,14aab268-0e90-4752-bb6c-57118ca4d4ca,dc980c64-2abf-418a-b96d-f1602f2b57e9,150cf884-9276-4167-a0c9-a084f6015880,51.39049729886002,-0.1126908197461501,51.52840446765522,-0.0966570885674929,2021-04-30 17:19:42,2021-04-30 17:22:42,2021-04-30 19:17:42,19.12,Completed
1962aa34-455b-4c39-8ee5-1869e74e68f3,eb7ea51d-17b5-4c02-992e-5d93a4462c0e,5d7f94bb-c431-4efb-bc52-9e5a1ba36570,9ae33e31-fb8b-4329-938f-a5de26d7f2d2,51.480992692277965,-0.087194544981388,51.5602316373707,-0.1488084048754392,2022-12-12 12:21:26,2022-12-12 12:22:26,2022-12-12 14:12:26,12.18,Completed
1b0ed5db-46ef-43d2-b5a2-e84a1f4b4005,013d841c-7511-4f53-ace8-3dfac787ffbc,71e7fbcc-ca6c-4aab-958f-f3fb97eab312,5f580205-67a5-4a96-9a04-e3bf581518f7,51.43096293896076,-0.1916078985844345,51.56710685836283,-0.1510423335072903,2023-10-12 09:11:55,2023-10-12 09:12:55,,19.15,Started
68656de8-e2bd-4f87-b36c-673be9e11cc0,09cc1bbd-2991-4b00-9ace-ea37e4c435e5,d736a174-d1e8-45ae-9970-8994fa2a3d74,6afe210a-25e0-44be-9c54-738986de5d2f,51.40433699487773,-0.13917611315577,51.49668426343126,-0.2350785225625604,2021-02-02 07:03:38,2021-02-02 07:05:38,2021-02-02 08:50:38,15.22,Completed
07e3a767-a7b7-4737-b984-ecddd33c4293,c7229260-1ad7-421e-846a-098f239a36bc,8231aa70-ed92-452d-9e49-9bc872135009,22751395-dfc9-40dd-8172-f5f0d5e819a9,51.56065462081343,-0.1536520138014373,51.46876188540335,-0.1102702874391532,2023-10-12 08:53:07,2023-10-12 08:55:07,,13.25,Started
7dbfb112-4e58-4ed8-8f72-e8fb69093550,a9c1d92d-405c-4ca6-89cf-6fe987e4d14d,95e07799-8eab-44c2-95b3-1253f51fbadd,d56b4b93-2234-44a1-a4aa-866e036b8ef8,51.440253230682856,-0.1003818597212345,51.48004519482893,-0.1780993817163135,2023-07-20 10:38:36,2023-07-20 10:41:36,2023-07-20 11:19:36,13.02,Completed
3d2cd72f-4e21-4412-b7ee-fd95329cd1d4,013d841c-7511-4f53-ace8-3dfac787ffbc,6236038d-eb1f-4335-884e-5e591390a6e3,7ff142c8-82c3-4ee4-b6aa-12a52dfed637,51.50370779914348,-0.1113340206759623,51.52531850185143,-0.2381541656563265,2023-09-29 14:00:11,2023-09-29 14:01:11,2023-09-29 14:43:11,17.01,Completed
81cdb4cc-4ab2-4792-83be-1a7c4516a69d,592fc870-37c1-4f03-aebb-3a889f590d97,7b332cc2-cdbe-46b3-8221-5129bdbc289e,,51.48360471737573,-0.224765608968957,51.48293096828888,-0.1309709061181921,2023-09-21 13:44:02,2023-09-21 13:47:02,2023-09-21 14:22:02,12.15,Canceled
28089041-15ad-430e-a12f-eec493ec9f16,990e2671-dbc4-4d5a-9eed-694d80ae6b87,767d9114-fc3f-4158-b674-8ccec84e2a20,95054dd3-54e8-493f-84f9-abcf0240353b,51.51656126533049,-0.2153903096607232,51.403432294158,-0.2434908746667862,2023-10-12 09:07:21,2023-10-12 09:10:21,,15.83,Started
7be1d4dc-c0c6-40ed-b7cd-f455ebc30e2c,5b24b9e4-d8b0-4b98-bb6e-07b42d04ba9e,be639dae-e0d2-4d52-90ac-e34dc1e76e5a,7096ade8-13bb-4c3a-9a80-c0810c7cf015,51.58763094517457,-0.221105973127983,51.565562888502505,-0.0764895430344844,2023-10-12 07:37:29,2023-10-12 07:40:29,,12.83,Started
6e7cb1ca-4c12-4642-a011-4e7c6254dfa0,89e4ddb3-f9e3-419d-be95-7da3a63cbaf2,0dd7e44f-27da-4292-be1b-edb78d016784,6bdb35dd-6810-4a48-b1d9-c44120127e1f,51.47254310066584,-0.2274139687535718,51.44192777702493,-0.203959134865047,2023-03-26 01:55:46,2023-03-26 01:58:46,2023-03-26 02:18:46,9.39,Completed
d7bc6c04-cb93-45d5-a03d-39e898476fb4,ff827e02-10c9-4d6a-b02a-b3d80c9c1388,57a8e8bd-cf63-452d-aa55-18e841617263,,51.49106821265245,-0.1633521677828948,51.45180634311763,-0.1826319080511049,2023-02-24 08:52:17,2023-02-24 08:53:17,2023-02-24 09:13:17,11.36,Canceled
6f62fa01-e694-419d-b2e3-c12de772abda,0159bcd8-e37d-4c5e-b520-fe1744df3d83,95e07799-8eab-44c2-95b3-1253f51fbadd,5026646a-89d1-463f-abe3-8bc6180abd2e,51.52665104096573,-0.0811729523899546,51.54805011365846,-0.174447102658492,2023-10-11 01:38:40,2023-10-11 01:41:40,2023-10-11 02:31:40,12.85,Completed
0c10a076-dfba-40a1-93f3-6395c4507c68,c51773fd-51bd-4ac6-ba31-76baf005412e,6a4d431d-4011-4ab2-9608-48884f32ee5b,50deb417-ac14-42e9-b82d-6c4479ed21e3,51.5550118802521,-0.2171241660177086,51.54274685502092,-0.0655554526273566,2023-04-24 05:10:14,2023-04-24 05:13:14,2023-04-24 06:51:14,13.18,Completed
aa5a6a19-814b-4fbe-9b6d-56fb4cdfa881,68834330-0480-4233-8137-d0e8a12ac12c,0af7a79d-2c70-4de5-9faf-fe232366cf16,b43bd0c1-843d-4a2f-aeca-47eb568e09fa,51.58278245505748,-0.1377807071868884,51.56817782980572,-0.0521949182292846,2023-10-12 07:33:27,2023-10-12 07:35:27,,15.29,Started
a32876bd-09d1-400e-8cb5-69344628c390,12742b67-8174-4737-9e57-0821767af22e,35b57b11-e19c-4729-bfb8-709bf2808976,,51.430784361156185,-0.2009963309959781,51.5158479838039,-0.0794652761181644,2022-08-03 23:01:41,2022-08-03 23:03:41,2022-08-04 00:41:41,15.76,Canceled
745dfd0d-1ce7-4508-ac34-f800003547fc,3f0da1e1-8ed5-4fea-8f41-3a070394584b,5d7f94bb-c431-4efb-bc52-9e5a1ba36570,f6f16426-0b94-4785-af5d-5a1f6bbad65c,51.49181047468187,-0.1389392348171277,51.51734409450474,-0.172159110286648,2022-08-18 20:32:04,2022-08-18 20:35:04,2022-08-18 20:58:04,9.1,Completed
3f63b7c3-d529-4cc5-bd7c-91a0988777dd,d331ab35-b926-496b-8d3d-944e528e7edc,0c9a75ad-ed73-4dbd-8641-d8b4113fa147,072e4518-ff31-47aa-8adc-ec2fdd0bafcd,51.58328906642557,-0.2281849264099276,51.50521385421879,-0.2103490144525632,2022-12-20 01:01:25,2022-12-20 01:02:25,2022-12-20 01:40:25,16.36,Completed
7ba01135-5b5d-44f6-a42f-049628435961,b3f017ea-44c8-4d5b-93ea-c46599f162a4,3449c61c-6a12-4457-956c-5541b91f5dd1,0865bd76-40d8-4162-a4fc-8c4f6a3f80af,51.508208957904834,-0.0996498258022221,51.51768575144365,-0.1918622166940397,2023-02-14 13:06:18,2023-02-14 13:08:18,2023-02-14 13:48:18,12.09,Completed
9d9e733a-156f-410c-b535-4e4815bdc4e8,ed64d3ee-03ca-456e-8c24-05abacf2e53b,75bf40f3-1859-4fe6-8c98-8966228a0132,,51.55850912215717,-0.0870864677653993,51.57908535449364,-0.1476999711295423,2023-04-22 19:19:44,2023-04-22 19:20:44,2023-04-22 19:43:44,11.89,Canceled
eef38bc6-8aa2-4b39-bd38-6f74e75269e9,7f526b38-bc24-49d7-a16c-b8f2956fb256,0310617c-b3a4-4766-b80e-366d26682bfd,ec6bb8ef-ad15-4051-b8f7-d06c981f1fec,51.550433742188055,-0.081323090652738,51.43392438062241,-0.0698092912697074,2023-10-12 08:50:45,2023-10-12 08:51:45,,16.14,Started
bd6a7b76-5789-4a58-8461-4be61fb3c7f7,abe68547-6883-4956-8019-5addeb399926,767d9114-fc3f-4158-b674-8ccec84e2a20,42d659e3-9e54-4365-ac9c-56c5f47f5d26,51.45009998872063,-0.2175129398347128,51.542171236766805,-0.1947503766130125,2019-09-21 11:57:09,2019-09-21 11:58:09,2019-09-21 13:33:09,12.88,Completed
e1219fbe-30ab-4ae5-814f-44c349fb86cb,0297315a-28de-42fb-a09f-c228c271f9f9,be639dae-e0d2-4d52-90ac-e34dc1e76e5a,cc18d0d3-d565-41f2-86fe-1c9bb230a3a4,51.56314963473247,-0.1134076290989191,51.45454633272766,-0.2161683642776564,2022-10-31 09:43:03,2022-10-31 09:45:03,2022-10-31 11:20:03,17.44,Completed
62f47e71-76da-41e3-8899-327b3cc22726,b3f017ea-44c8-4d5b-93ea-c46599f162a4,05a1acd4-d4f5-471c-a04a-0657f4eae488,07190d0b-3952-437d-bec3-781a37535772,51.4142005227638,-0.2165555460482062,51.49589633144569,-0.097460551564637,2023-03-15 23:21:14,2023-03-15 23:23:14,2023-03-16 00:58:14,15.28,Completed
45b8112c-3a08-458d-b4e6-32fa5da77a0d,b9a46f8c-a19f-44c1-b24c-043072c1d2af,dc980c64-2abf-418a-b96d-f1602f2b57e9,8cf37535-2742-48b4-bca5-5c1a8c9cae3f,51.40626648508444,-0.2081847999826493,51.52116135527065,-0.0635657576276817,2023-10-12 08:00:27,2023-10-12 08:02:27,,20.21,Started
da178708-c170-4de8-8e88-4756250cb2ff,6b9ca4bd-69a9-4b86-af0c-abb9dc63fe29,501a4719-7516-4442-9b90-e3f245956613,94abdaad-2ac9-4c52-8d3a-b1036e4acf34,51.49889490644528,-0.1765065957109243,51.45870799346466,-0.2299538336941619,2023-03-04 04:53:51,2023-03-04 04:55:51,2023-03-04 05:13:51,14.45,Completed
4c074644-cad0-43ae-822d-1fa9cf4505a0,ec6bff32-7c8c-469e-ae68-217876198960,f1648cd8-20d5-4eed-b9ba-acf1b5967732,f1eea1d7-36a7-49a8-bc7a-24e942cad941,51.57337809359547,-0.1488853621082613,51.49104740676842,-0.2119471398138016,2023-09-08 19:49:16,2023-09-08 19:52:16,2023-09-08 21:47:16,12.62,Completed
a18f5641-385d-4b77-8209-4ebc1a6d2e7c,57ed6df1-28a2-47b7-8f45-91138074670c,95e07799-8eab-44c2-95b3-1253f51fbadd,,51.48505636735452,-0.1930801056380358,51.54406560033796,-0.2016762133854184,2022-11-24 14:45:59,2022-11-24 14:47:59,2022-11-24 15:27:59,12.29,Canceled
abb5f1e8-d8cd-4dbb-bad2-d1978189d421,b1ee077e-714f-4c73-ad1b-a1812b67b0bf,3a4fa869-d088-4af0-b7f4-c8d254bf35cd,7d47a4df-ad8d-438f-b13d-7819eeeb6b28,51.56000065139232,-0.0765488544003319,51.56842095250352,-0.1285126746024667,2023-10-12 08:49:11,2023-10-12 08:52:11,,9.25,Started
aee70cb9-51a5-4676-ab5a-2b0820e018ee,76eedd3b-778f-4d76-a49c-bc01c3f52557,9cc6b501-5575-45e7-a56b-d1204af646b3,d33f6f47-8dc1-4af0-8089-50bcdc02b431,51.49174790916107,-0.1758363671804639,51.42933384451728,-0.0475632406300706,2020-04-07 09:04:29,2020-04-07 09:06:29,2020-04-07 10:51:29,14.04,Completed
5b599bb2-6e63-44d6-a4a6-c7ceadbdd8b2,3e808340-b405-4597-bfa3-f3ca6e542b20,f9111c6f-2382-42b6-9bda-4b66fc5670b2,,51.39464187750519,-0.2173273521107088,51.58023049317864,-0.165498699347431,2023-07-18 13:14:09,2023-07-18 13:15:09,2023-07-18 14:55:09,26.05,Canceled
8252966f-7104-4c53-9159-7c4c76a605f2,92c1cc92-00ee-4f21-8bab-741dec9f7b15,0c9a75ad-ed73-4dbd-8641-d8b4113fa147,005e84f5-5287-4e5a-be52-605559397e47,51.45688025071276,-0.1991568310532082,51.53753895802031,-0.0762014280343815,2023-10-12 06:36:23,2023-10-12 06:39:23,,15.39,Started
ab19a5d9-12ee-48dd-ae60-833daf306835,94ff3d68-e262-4fa4-bf62-162e4e7ddd21,6236038d-eb1f-4335-884e-5e591390a6e3,3bb6d718-7dc3-4959-90d0-7bbedcb4a60f,51.52584055654347,-0.0550426112240584,51.52330501095375,-0.0737674813379595,2022-03-05 13:56:27,2022-03-05 13:59:27,2022-03-05 14:05:27,5.78,Completed
6bd7d2ff-0552-40fb-ba18-0bf1b858ff0e,4be20157-51d4-4a50-a2c9-3eaebc6f54c2,dc980c64-2abf-418a-b96d-f1602f2b57e9,6c5f83e5-7c46-4ea5-9c66-98a05d8574bc,51.48421333601359,-0.0533433718978924,51.58508419924959,-0.2136357495307946,2023-10-12 08:45:30,2023-10-12 08:46:30,,19.64,Started
20770bc6-5dd0-4d32-9c5e-28b25da25c02,a19f53df-4890-4aa5-bca7-811285197c79,dc980c64-2abf-418a-b96d-f1602f2b57e9,58644d92-5c88-4aaf-96dd-36119d3eeb32,51.51026286790037,-0.1806682237597158,51.58776788973627,-0.1788370339668443,2023-08-01 01:32:47,2023-08-01 01:34:47,2023-08-01 02:19:47,16.08,Completed
7bb8d85c-fcf4-4240-955e-03a0fc08d888,990e2671-dbc4-4d5a-9eed-694d80ae6b87,74e9fd01-1fd2-4e7a-a53b-d7ae5a2ce764,84d7e7ac-c3e7-4f4f-990e-e1e9253a7f53,51.55694489651964,-0.0921463522949175,51.58900701233571,-0.2353762743751133,2023-10-12 08:26:17,2023-10-12 08:27:17,,13.11,Started
4fe44fd6-30d4-4edd-a917-542b294cfe26,cc002588-6025-4eb2-a2e4-75d144185cdf,75bf40f3-1859-4fe6-8c98-8966228a0132,,51.50497235939315,-0.1085117552249067,51.41306241229469,-0.1588385051610988,2019-01-12 23:15:48,2019-01-12 23:18:48,2019-01-13 00:58:48,13.43,Canceled
fbad35ca-97a3-4ede-b69e-24d775879da0,8073aca3-c1cb-4c77-b0c5-e05fde005a22,6084a903-ef5e-41e7-9a7e-aeee1a3dde3e,fef9da25-8b3a-4002-a2a2-ab5a648cd34e,51.462052626890056,-0.2026772098751884,51.50942139355261,-0.2143201861985217,2018-07-18 09:49:51,2018-07-18 09:51:51,2018-07-18 10:16:51,13.25,Completed
6e9ea433-5dc6-4f25-bdd7-0e8f2a147211,12742b67-8174-4737-9e57-0821767af22e,74e9fd01-1fd2-4e7a-a53b-d7ae5a2ce764,6e17faae-cc22-4012-b6ce-ec312769fa11,51.48859855091092,-0.1048795798496274,51.57974412250305,-0.1725879226629139,2023-08-21 06:38:21,2023-08-21 06:40:21,2023-08-21 08:35:21,13.89,Completed
69f153c9-390a-4bd2-9e74-65456df56e4e,b1ee077e-714f-4c73-ad1b-a1812b67b0bf,74e9fd01-1fd2-4e7a-a53b-d7ae5a2ce764,c01fb910-4afd-435f-b0ca-c834d04ce176,51.520724681002456,-0.2121721707287484,51.57324755326533,-0.2121940320493418,2023-10-12 08:50:19,2023-10-12 08:52:19,,14.52,Started
d3c064d5-28df-44dd-b1bb-32906750c631,239fc9a5-aa02-479b-8b10-16855dfd1134,81b3a32f-0036-47d4-8f2e-fab9082ebb38,78f65e99-ebbc-4527-9bba-63acac8c7daf,51.5849463988889,-0.0927392267648335,51.44881820806656,-0.1207407972955972,2023-10-12 07:56:35,2023-10-12 07:59:35,,18.98,Started
280161f2-60ed-4114-ab26-76460747f256,e779aacd-268e-43e5-9288-4a5bc7d103a0,6e37f5c0-5cc5-419e-bc2a-fef97ae6cf45,,51.55637889666393,-0.1561795208159182,51.44244847667388,-0.1724198082810934,2023-05-15 13:51:15,2023-05-15 13:52:15,2023-05-15 15:34:15,15.81,Canceled
50751909-b7cd-4d84-af20-20381fc7097d,c7229260-1ad7-421e-846a-098f239a36bc,05a1acd4-d4f5-471c-a04a-0657f4eae488,66c25663-71ab-4415-bb8d-3cfe0973d413,51.54425473168824,-0.0712671726762006,51.41917173878581,-0.2019255596005778,2023-10-12 08:30:40,2023-10-12 08:33:40,,20.65,Started
eac1da90-30a9-44ea-a7e2-d87fc9936cb7,a15b13da-8f58-4849-87ed-37e0ece3cf36,3aab0bf1-ab34-4ba5-84cf-f3711e806310,a9a6f0a8-d4c1-4a5d-a556-3926ccef0240,51.51004975197272,-0.0907695041902974,51.46591271431229,-0.1009791781389627,2023-08-14 08:40:03,2023-08-14 08:43:03,2023-08-14 09:13:03,12.33,Completed
716a0296-e0fb-473d-9ff0-8fd9fe659b43,e26dfd79-f5ea-4fca-9bf6-02759339dc46,75bf40f3-1859-4fe6-8c98-8966228a0132,9a54eeaa-1de3-476c-89f9-4505de3b5204,51.4593040498208,-0.173295401631086,51.49677744989795,-0.0863780509302105,2023-10-12 09:16:54,2023-10-12 09:19:54,,13.68,Started
e73258a0-ac3e-4751-8646-430fc9e967a3,c7229260-1ad7-421e-846a-098f239a36bc,6084a903-ef5e-41e7-9a7e-aeee1a3dde3e,,51.46145105002797,-0.1589030003924924,51.51182150364583,-0.108506281212684,2023-06-27 21:47:27,2023-06-27 21:48:27,2023-06-27 22:38:27,12.32,Canceled
846a3c56-d5c3-43a1-97c9-fbca5cc8a6ae,239fc9a5-aa02-479b-8b10-16855dfd1134,05a1acd4-d4f5-471c-a04a-0657f4eae488,8876af3f-85d0-4aa5-91c0-3ef0581acaf4,51.5090696078341,-0.1895084455554842,51.53011342587016,-0.187441519716614,2022-11-21 15:21:46,2022-11-21 15:22:46,2022-11-21 15:31:46,7.29,Completed
4c79c916-5596-4029-88c5-35b3d2c85835,89e4ddb3-f9e3-419d-be95-7da3a63cbaf2,0af7a79d-2c70-4de5-9faf-fe232366cf16,a0f3a86d-d44f-4649-9507-245d4ac75571,51.54847871517195,-0.0721670093757332,51.48495542057048,-0.1855879843547677,2023-06-22 09:48:31,2023-06-22 09:49:31,2023-06-22 11:29:31,13.15,Completed
e91c6dc7-e781-4a1c-a7d8-461fb1eeddd6,f33a1083-fc71-4ab5-a929-91c512881a22,ec05ee63-1d32-4603-a574-33e1e61679dd,a5cb0c9b-3d1e-4464-bfdf-7b24cc572932,51.43248901197628,-0.1609056165878525,51.55854102154444,-0.1870614632959172,2023-08-07 20:18:34,2023-08-07 20:21:34,2023-08-07 22:03:34,17.57,Completed
f9f94e67-ffcd-43d8-8231-2767a66fcc53,8a5c22fd-4e5a-4d9e-9513-b0df79a0c578,1abf5153-5f98-4b83-a308-6b5e93e2e78a,,51.4156294350855,-0.0712424983512432,51.46741957293064,-0.1939941910937751,2022-05-01 07:10:34,2022-05-01 07:12:34,2022-05-01 08:54:34,12.8,Canceled
47647cd5-7d61-4865-9f4d-5d54b33243d3,60cd7d54-0b3e-4a2d-a152-1ba748ac1ebb,3aab0bf1-ab34-4ba5-84cf-f3711e806310,ba19d3f4-0ff3-4e3c-84e5-208886d69b03,51.58387342739324,-0.2020821567952147,51.57352672067093,-0.1287203886377982,2023-10-12 08:32:09,2023-10-12 08:35:09,,12.96,Started
820d97f7-d5b9-4704-a70f-703808421744,aaa9c67c-3158-41cb-bcf5-bb2c697a2f11,616bc1be-2357-41e7-8047-73c76c8757f5,4bcd24d6-2d96-427d-a4fc-c0a693051e91,51.41975044001951,-0.059814207149055,51.39773342073442,-0.1319547520703963,2020-10-17 07:39:26,2020-10-17 07:40:26,2020-10-17 08:10:26,13.88,Completed
dfb01736-b6c6-4adf-a4f8-1c40cf2aafdc,eb79a18e-b834-434c-8a62-1910ebf9c67a,57a8e8bd-cf63-452d-aa55-18e841617263,37893fba-1fb8-41e9-88c3-bb0c01dc511b,51.405959621914455,-0.128693103473254,51.481411778841895,-0.0897927313571173,2022-05-25 15:04:15,2022-05-25 15:07:15,2022-05-25 15:45:15,16.44,Completed
6807f641-4166-4ab1-b697-1392a080eda7,b35c781d-99a0-4452-b68f-5afc5d784890,3aab0bf1-ab34-4ba5-84cf-f3711e806310,,51.57641837669289,-0.2216312389792902,51.49264437785341,-0.1504706613437953,2023-02-02 20:57:16,2023-02-02 20:58:16,2023-02-02 22:43:16,13.11,Canceled
e3a02863-5b2e-4b06-ae66-2b1c029517f9,2c9aaddd-b0a8-4f57-adfc-23cbfc33511b,921b503f-0011-4147-8a63-dfc4e4d9ef43,6ab952b1-3ca1-44ba-93ef-133be57c36dd,51.42849644584104,-0.1341412016856269,51.43935645350431,-0.1842029810828264,2022-09-09 07:50:05,2022-09-09 07:51:05,2022-09-09 08:14:05,9.16,Completed
a546e9f8-07ea-4e2f-81f8-9c10f90f8e01,e9d52cc9-b9e5-47b1-bf09-c19d48fc658b,553ee71d-a797-4162-a1a1-e5d3fbe0aa99,22513682-6ec4-4159-b903-ee860c5906e7,51.42111587044599,-0.234948388859296,51.42272923383752,-0.1088673225033556,2022-02-17 07:08:00,2022-02-17 07:10:00,2022-02-17 08:00:00,16.35,Completed
fb246f51-c3a1-4e09-b343-cd4a93ffc34f,ed64d3ee-03ca-456e-8c24-05abacf2e53b,0dd7e44f-27da-4292-be1b-edb78d016784,1789b35a-15f9-4ec4-8c46-ef0191c05683,51.39746413553446,-0.0483198302178495,51.58437668778604,-0.0565887418739068,2023-04-14 14:04:29,2023-04-14 14:05:29,2023-04-14 15:50:29,25.85,Completed
20f1065f-dd52-437f-be94-05879e72f5c3,e220e7ae-efbe-454d-9732-65ba1f991ebc,3aab0bf1-ab34-4ba5-84cf-f3711e806310,1226b7b6-f708-4803-b749-7a6239d5feb0,51.4941567145554,-0.2161585627827932,51.479830721489385,-0.2426286192238297,2020-01-31 16:45:03,2020-01-31 16:48:03,2020-01-31 17:00:03,7.56,Completed
713083f2-55c8-4882-afe5-b21bdaadd7cd,b9a46f8c-a19f-44c1-b24c-043072c1d2af,767d9114-fc3f-4158-b674-8ccec84e2a20,,51.49131274512322,-0.1586549866496152,51.573167401175176,-0.2307979069789085,2023-07-08 01:18:33,2023-07-08 01:20:33,2023-07-08 03:15:33,12.91,Canceled
6f2fec71-c3bb-4e66-9f9a-56a6de641608,f33a1083-fc71-4ab5-a929-91c512881a22,3a4fa869-d088-4af0-b7f4-c8d254bf35cd,f21cf066-08c2-4a1d-ab43-b7d763af5018,51.58704920084943,-0.2064123409044404,51.48048512135912,-0.1923373043640593,2023-09-30 21:05:02,2023-09-30 21:08:02,2023-09-30 22:43:02,14.78,Completed
e84f2d33-0921-48cf-81c7-8c90fbfd9371,592fc870-37c1-4f03-aebb-3a889f590d97,e3fe6906-7b87-4aa9-ad93-fc20e5149fa1,70e4ad81-80f6-4f71-8ddf-1e93f0764847,51.46751064143944,-0.1870852800627896,51.5394679042857,-0.0524178751356612,2023-09-21 12:14:52,2023-09-21 12:16:52,2023-09-21 13:51:52,15.3,Completed
f1e83e55-db65-49e2-96ac-b2c49fc1dedd,8073aca3-c1cb-4c77-b0c5-e05fde005a22,2ca7c770-44d1-4b74-ab3f-064d66055c8f,530b6a41-ba18-48c3-a2ff-47e7b7005d32,51.50310040797117,-0.0843265908616017,51.41759638423903,-0.063260798119122,2018-08-06 13:59:45,2018-08-06 14:00:45,2018-08-06 14:50:45,17.94,Completed
f3e8db72-f56b-48da-9a20-2e5a3970a0ed,3ade6f67-2db6-4daa-adf2-2bdbbaf62e40,e3fe6906-7b87-4aa9-ad93-fc20e5149fa1,175c639d-e599-4548-8efc-5254b1f4a2e7,51.56231621955212,-0.1114204974630792,51.57531914028689,-0.2260337250729657,2020-08-01 04:31:40,2020-08-01 04:33:40,2020-08-01 05:13:40,15.06,Completed
47cf26f1-6bb8-4eb8-a7a3-10f13a0d9904,eb79a18e-b834-434c-8a62-1910ebf9c67a,7b332cc2-cdbe-46b3-8221-5129bdbc289e,,51.41016889202088,-0.2092005428304938,51.392355605005065,-0.2401414269023596,2022-04-19 07:41:36,2022-04-19 07:44:36,2022-04-19 07:55:36,9.09,Canceled
e80d69d8-56de-4b72-b539-827410081c34,eb7ea51d-17b5-4c02-992e-5d93a4462c0e,0dd7e44f-27da-4292-be1b-edb78d016784,23041a20-ee9e-4c9b-a82c-f64ee5fe5b0b,51.47045872315173,-0.0796192342218062,51.49920285188091,-0.1405816750835384,2022-12-31 15:52:02,2022-12-31 15:53:02,2022-12-31 16:18:02,13.19,Completed
1d82c257-ff2a-4b6b-a03b-7f12354d8f50,536d3da2-fd4f-4e60-a1b4-71500df66388,e3fe6906-7b87-4aa9-ad93-fc20e5149fa1,a28f7be3-a6a4-4ec7-8db1-584b13d5e312,51.51054436550284,-0.0617384878021087,51.44940515379367,-0.1776952465405373,2021-06-21 09:30:05,2021-06-21 09:33:05,2021-06-21 11:11:05,13.1,Completed
6a0d078b-a886-421f-8c9e-0ceffadea831,eb7ea51d-17b5-4c02-992e-5d93a4462c0e,9c5e18c4-e2f9-4124-bf3f-95414b993057,eb12a6e8-1ac5-44d3-9391-70c755207719,51.56953655139176,-0.0864853537905021,51.52481744167002,-0.2346037768557677,2023-05-21 02:08:42,2023-05-21 02:09:42,2023-05-21 03:44:42,14.19,Completed
af6e4777-5b02-4f08-b230-032c96252052,d8a201de-4062-4ea4-8dcd-e51a18ba5be5,6084a903-ef5e-41e7-9a7e-aeee1a3dde3e,cbfa5491-4914-46ee-bc7a-725a21f099d0,51.40875199746771,-0.2252379848435965,51.52352151728748,-0.1188285369280516,2023-10-12 08:49:49,2023-10-12 08:51:49,,18.34,Started
ab1bb027-fa0f-4bbd-94aa-d303fe681bcf,c2bebfc7-cf7e-40b9-9d27-2714b78312ab,a13f468b-1960-4277-ae4f-29d597167036,,51.530893251700185,-0.1073476863648196,51.57879272898601,-0.1392071993875826,2023-09-22 19:19:21,2023-09-22 19:20:21,2023-09-22 19:45:21,14.34,Canceled
2bef6131-eadf-4e2c-9bb0-b8bf4da5829b,eb7ea51d-17b5-4c02-992e-5d93a4462c0e,553ee71d-a797-4162-a1a1-e5d3fbe0aa99,,51.49364008632622,-0.2439174400359478,51.47591667840178,-0.2149688051192894,2023-09-08 08:04:00,2023-09-08 08:05:00,2023-09-08 08:14:00,8.75,Canceled
3870a7aa-bcd4-4b6b-84d0-b908a7fd68f7,a15b13da-8f58-4849-87ed-37e0ece3cf36,0dd7e44f-27da-4292-be1b-edb78d016784,6dc58266-2d1c-460a-9539-96166bb6f722,51.5686988781536,-0.1360443765269152,51.46378589470291,-0.0618498451126064,2022-12-15 03:49:29,2022-12-15 03:52:29,2022-12-15 05:27:29,15.86,Completed
1057b6d6-e855-46b8-ac79-01c3c12913df,8759dd31-9b24-4148-bc92-2f8811875592,ec05ee63-1d32-4603-a574-33e1e61679dd,ca410191-2bbc-4f2e-9f89-c11acebf6ebf,51.4910373982956,-0.0780545512777114,51.49728154159049,-0.2416007767336065,2023-10-12 09:18:39,2023-10-12 09:19:39,,14.14,Started
a273cb91-15e0-477d-9bc9-854a3a719960,b3f017ea-44c8-4d5b-93ea-c46599f162a4,553ee71d-a797-4162-a1a1-e5d3fbe0aa99,,51.54282181292507,-0.177262438443671,51.51183915740029,-0.1280118139951918,2023-07-06 20:42:13,2023-07-06 20:45:13,2023-07-06 21:03:13,12.07,Canceled
8ae856c3-3edd-440b-ae04-2ff5e332f3aa,8b03d3c4-6f28-469a-a6bc-fd4e2b98bed1,71e7fbcc-ca6c-4aab-958f-f3fb97eab312,06894cf4-bea3-49a6-aa2e-2984fe81e1ea,51.55657914760173,-0.0484398265539137,51.45663123093215,-0.0538605958815655,2023-10-12 07:36:17,2023-10-12 07:39:17,,13.83,Started
a6658e49-b9b4-4864-a7d6-7292f9eacc65,12742b67-8174-4737-9e57-0821767af22e,dc980c64-2abf-418a-b96d-f1602f2b57e9,f79bd4df-ef25-4292-afe5-5f77b8698f42,51.43280380600012,-0.1731419066704306,51.47035420444704,-0.1911477669844984,2023-08-26 18:46:56,2023-08-26 18:48:56,2023-08-26 19:18:56,10.84,Completed
fb882579-0ddf-427d-8ff1-2286a75a470c,2edd0ec4-bb70-446e-a12d-d9e1a956cfdf,61c1b6d6-12ce-4627-acd5-cf7058c8d975,1a7f65e9-f3ac-4ddf-8bfa-6b8435f59398,51.416315045129885,-0.0969922940677455,51.54765857592866,-0.0662891110368008,2023-07-11 23:49:56,2023-07-11 23:50:56,2023-07-12 01:35:56,18.35,Completed
4fb7d919-8716-428c-8bbf-94745a92140d,b216c4d1-3d9d-4b68-bc0b-273a456f485d,2ca7c770-44d1-4b74-ab3f-064d66055c8f,0ece2b6a-6afc-4c17-bc70-e86fb1ae5904,51.43179863290965,-0.1998905349875157,51.51976032999187,-0.2090773861708245,2022-10-27 05:11:14,2022-10-27 05:12:14,2022-10-27 06:50:14,12.19,Completed
655e64d2-eac2-4d5e-9bee-3f8d2f023894,a1027b63-bcbf-49bf-8d4d-b80b5f39184b,3aab0bf1-ab34-4ba5-84cf-f3711e806310,64effa4d-eefa-4b8e-a62b-3355fe62beed,51.54532486645322,-0.1438235182932123,51.46534738273454,-0.2388823398209858,2023-01-19 03:06:07,2023-01-19 03:08:07,2023-01-19 04:43:07,13.77,Completed
feb486a9-75a3-464a-a1fd-787cf4a3d23e,8073aca3-c1cb-4c77-b0c5-e05fde005a22,921b503f-0011-4147-8a63-dfc4e4d9ef43,b2532d13-14e7-4802-b287-7815f8cd8d2a,51.50819434734166,-0.0833255844758005,51.40918678660384,-0.2283520467855174,2020-02-14 19:51:51,2020-02-14 19:52:51,2020-02-14 21:27:51,18.56,Completed
4b19d7f6-5637-4afb-ab44-0a059c2d96da,e779aacd-268e-43e5-9288-4a5bc7d103a0,cdabf394-9e24-4a2d-8ca6-ef27e6141c5b,13ed26ac-6026-45bd-ad6d-f4c2732f0b6b,51.50263504119937,-0.1583187964575735,51.41679263298652,-0.1694892933352528,2023-10-12 08:15:42,2023-10-12 08:16:42,,17.86,Started
21b3992a-0d8b-4178-b12f-0241e2723043,239fc9a5-aa02-479b-8b10-16855dfd1134,d736a174-d1e8-45ae-9970-8994fa2a3d74,432e74ce-6678-4764-a0b4-7481c89b52fb,51.45193364564479,-0.2188615000333932,51.47107915530592,-0.1711489673900624,2023-02-02 08:27:37,2023-02-02 08:30:37,2023-02-02 08:53:37,9.8,Completed
67ac2ac2-2b29-4fbc-b60a-d1076af393f0,34fb1de4-819e-4a62-9b59-69925502398d,6236038d-eb1f-4335-884e-5e591390a6e3,9e6b333e-82d7-45d2-9a91-ae82646ab8ee,51.4480612169743,-0.1265941035826092,51.531706389447976,-0.08174129730942,2020-12-08 10:21:38,2020-12-08 10:23:38,2020-12-08 11:58:38,12.2,Completed
07dfbb6c-d5c1-4fa2-9951-0a4a863485fd,f9075cb9-93be-4a6f-aa7e-7a4c945f3766,dc980c64-2abf-418a-b96d-f1602f2b57e9,938748b8-13aa-4fcd-b08c-3a270c7a4980,51.541072601294445,-0.0673559884840088,51.57461788609121,-0.2017872924443839,2023-10-12 09:01:37,2023-10-12 09:02:37,,12.48,Started
aadab079-a194-43aa-8790-33e6cd9d6425,36183949-9fb0-4687-b2e6-695130a50fe4,fb1f20f0-f1a6-4579-bd6a-73efdc5141f3,53a2ef5e-1ba9-4dc2-8fbf-b30d290e9826,51.56984292154364,-0.1353276403527686,51.45935481786295,-0.0722277417770504,2023-10-12 07:41:50,2023-10-12 07:44:50,,16.22,Started
aabef8c6-4978-49da-ac4a-404b6154e7d4,295751c3-9124-4d96-acef-c56f213fbf05,43f9e0c7-023a-4866-8e97-f26a70ea5dca,adc6a4b5-fafe-4a58-9c54-36c559b99e4d,51.44155066926129,-0.0996059057928399,51.47204192933122,-0.0476364954734732,2023-10-12 09:07:23,2023-10-12 09:08:23,,12.32,Started
bafa316d-3b17-4277-98c4-da13175c967f,76eedd3b-778f-4d76-a49c-bc01c3f52557,767d9114-fc3f-4158-b674-8ccec84e2a20,38e081bc-b2cb-4cf0-8e5b-7ccb2fbd4c36,51.45462008932785,-0.1143927798020815,51.40932247699882,-0.1904490959939498,2023-10-12 08:58:15,2023-10-12 09:01:15,,13.62,Started
404a4e16-9438-4bd8-881d-ffa099bd5922,57ed6df1-28a2-47b7-8f45-91138074670c,57a8e8bd-cf63-452d-aa55-18e841617263,522abed8-17a7-4082-ac55-c84692cf5f11,51.406594946436336,-0.199365432445303,51.4169553657046,-0.0606324866984901,2023-10-12 09:00:04,2023-10-12 09:03:04,,12.08,Started
0cddd0b0-103e-4f17-a309-04e3bc407b8b,10855a1c-86d1-4f7a-84be-7dac9a069fa7,7b332cc2-cdbe-46b3-8221-5129bdbc289e,90c64d18-ad4a-4e2f-b61d-47ba387072b4,51.48036327949232,-0.1185855487063709,51.484451274243256,-0.1502506210437221,2023-10-12 07:38:50,2023-10-12 07:39:50,,6.98,Started
92f9da7d-202a-4414-b087-98b92af33d5c,94ff3d68-e262-4fa4-bf62-162e4e7ddd21,a13f468b-1960-4277-ae4f-29d597167036,b2aec048-0940-49a4-bb05-9358c6d52c75,51.47053569713356,-0.089637270397121,51.47215951947877,-0.0647741356846048,2023-10-12 08:20:09,2023-10-12 08:23:09,,5.4,Started
f769123f-e000-433a-9e50-e025c8ae58d6,30b7d4f1-f65b-416b-a08d-55f53cb8662a,921b503f-0011-4147-8a63-dfc4e4d9ef43,9945ba0c-ac65-4dc5-8af1-f3b81477a3ce,51.47326067639224,-0.214830854836945,51.587371292680885,-0.0976436164291861,2023-10-12 07:40:05,2023-10-12 07:41:05,,18.74,Started
cc708cc0-64cf-4bf0-8108-15a244e663d6,780e0a6e-6ddc-4fbc-97a2-f13ec6e90e5e,6236038d-eb1f-4335-884e-5e591390a6e3,f8c9a308-fdfd-4ea6-ac0d-d71919e8ea7b,51.58642940911515,-0.0988704255223837,51.48567936568011,-0.1912932314436888,2023-10-12 08:27:43,2023-10-12 08:29:43,,16.05,Started
8d1c04e7-0002-4c9e-a380-6260209e9dba,57ed6df1-28a2-47b7-8f45-91138074670c,d736a174-d1e8-45ae-9970-8994fa2a3d74,27e4e00b-6e76-46ba-ab04-bc3bd51a4b89,51.43007288611118,-0.1897512286370268,51.54013266826684,-0.0502025781339103,2023-10-12 07:31:21,2023-10-12 07:32:21,,19.41,Started
735e3e24-7124-4150-8514-f27424364e21,cc3986e2-ebdb-44f9-83c9-e6b8ce3d247d,05a1acd4-d4f5-471c-a04a-0657f4eae488,37d40cac-ac70-466f-81fa-84f5a0ac8442,51.52364451727105,-0.1275333587191502,51.39769984236645,-0.0787665930222336,2023-10-12 07:56:56,2023-10-12 07:59:56,,17.92,Started
b7c07a48-c56a-47a6-aa7c-b0b5f2a3f161,6f55f06c-6b96-4388-8869-d334003cb01a,69e27dcb-d18f-41d1-9e34-12a6c92bea0d,1a8f1247-a9b8-4f9b-b312-56dc7989373c,51.43757668022781,-0.2190609090865458,51.43405368951965,-0.0915623341891349,2023-10-12 07:48:52,2023-10-12 07:49:52,,16.54,Started
1e303667-101a-4e97-afdf-04a34ffea9a4,68834330-0480-4233-8137-d0e8a12ac12c,616bc1be-2357-41e7-8047-73c76c8757f5,22d7ede2-4f7a-47aa-8a2c-ac3087ebfe43,51.41939469471675,-0.2272531157897244,51.564214825937874,-0.0815163888656238,2023-10-12 08:33:42,2023-10-12 08:35:42,,23.65,Started
5afd32e2-421a-4810-900a-d6b46f9d6244,013d841c-7511-4f53-ace8-3dfac787ffbc,f1648cd8-20d5-4eed-b9ba-acf1b5967732,a819d08d-6701-4159-b88c-e30b5fa6776d,51.449479919384224,-0.2330153218434085,51.56284886669107,-0.1718761968404245,2023-10-12 08:14:16,2023-10-12 08:15:16,,16.54,Started
fab0edc5-4cfb-4da6-8f3b-2c6ccab370de,d331ab35-b926-496b-8d3d-944e528e7edc,553ee71d-a797-4162-a1a1-e5d3fbe0aa99,785be6ba-de21-4fe6-ac1f-458a655119af,51.46375379633167,-0.2200669228661721,51.39596460935213,-0.1627042248769966,2023-10-12 07:09:31,2023-10-12 07:10:31,,15.9,Started
2e174791-175e-4046-a050-48d2fa796fc5,7802f6cb-e168-4277-a555-ba67089b3b5b,8231aa70-ed92-452d-9e49-9bc872135009,deeeae1e-a7ba-4afd-92a8-280e1d00e66b,51.55999382029884,-0.2048664673912968,51.571849546111366,-0.0502949687376957,2023-10-12 09:04:39,2023-10-12 09:05:39,,13.42,Started
9c414573-da2c-4d1b-a7c4-54d33ac4c2e8,e26dfd79-f5ea-4fca-9bf6-02759339dc46,6a4d431d-4011-4ab2-9608-48884f32ee5b,b8262792-4047-4647-a758-75f74acb9e09,51.39437308462487,-0.2019542252883381,51.45438604031844,-0.0751952025848916,2023-10-12 07:49:56,2023-10-12 07:51:56,,13.74,Started
fb504f43-a645-4a12-b355-000120eaecd3,a5614fa0-0daa-4043-b9f4-2320e900fc1b,be639dae-e0d2-4d52-90ac-e34dc1e76e5a,eeb12294-a676-4637-9f7d-d2206d56c8d4,51.396430216532174,-0.1644347811332663,51.50687767521659,-0.1628517514804811,2023-10-12 07:29:01,2023-10-12 07:31:01,,15.27,Started
